{"name":"0cc4bfb9-122a-41d1-a903-c105405abe54","id":"/providers/Microsoft.Flow/flows/0cc4bfb9-122a-41d1-a903-c105405abe54","type":"Microsoft.Flow/flows","properties":{"apiId":"/providers/Microsoft.PowerApps/apis/shared_logicflows","displayName":"Root Cause Action Tracker Condition 1","definition":{"metadata":{"workflowEntityId":null,"processAdvisorMetadata":null,"flowChargedByPaygo":null,"flowclientsuspensionreason":"None","flowclientsuspensiontime":null,"flowclientsuspensionreasondetails":null,"creator":{"id":"6b521aa9-53b6-4160-be9b-f7b40db1fa98","type":"User","tenantId":"4720ed5e-c545-46eb-99a5-958dd333e9f2"},"provisioningMethod":"FromDefinition","failureAlertSubscription":true,"clientLastModifiedTime":"2025-06-07T22:43:12.4671862Z","connectionKeySavedTimeKey":"2025-06-07T22:43:12.4671862Z","creationSource":null,"modifiedSources":"Portal"},"$schema":"https://schema.management.azure.com/providers/Microsoft.Logic/schemas/2016-06-01/workflowdefinition.json#","contentVersion":"undefined","parameters":{"$authentication":{"defaultValue":{},"type":"SecureObject"},"$connections":{"defaultValue":{},"type":"Object"}},"triggers":{"Recurrence":{"recurrence":{"frequency":"Day","interval":1,"startTime":"2025-05-05T08:00:00.000Z"},"metadata":{"operationMetadataId":"8067dbdf-c027-4c60-9704-c65102974b47"},"type":"Recurrence"}},"actions":{"List_rows_present_in_a_table":{"runAfter":{},"metadata":{"01ON3PF5RIXICTMS63RJCZAUUOL2KBIWDM":"/Desktop/NEW ALL Laboratory folder/ALL laboratory/QC ONLINE/ROOT CAUSE ANALYSIS/RCA ACTION TRACKER.xlsx","tableId":"Table1","operationMetadataId":"584e273f-77f2-4e90-a854-2dcd8e6233fb"},"type":"OpenApiConnection","inputs":{"parameters":{"source":"me","drive":"b!Hocf5_rDPkuG4HYGB-NF-1r8yFOH05RGrGjjDlCYuZ63FXHsQLQTTZMVsXHt2ruA","file":"01ON3PF5RIXICTMS63RJCZAUUOL2KBIWDM","table":"Table1"},"host":{"apiId":"/providers/Microsoft.PowerApps/apis/shared_excelonlinebusiness","connectionName":"shared_excelonlinebusiness","operationId":"GetItems"},"authentication":"@parameters('$authentication')"}},"Apply_to_each":{"foreach":"@outputs('List_rows_present_in_a_table')?['body/value']","actions":{"Condition_3":{"actions":{"Condition":{"actions":{"Compose":{"metadata":{"operationMetadataId":"d5867883-b421-4949-97c0-0e8544c886d5"},"type":"Compose","inputs":"@utcNow()"},"Compose_1":{"runAfter":{"Compose":["Succeeded"]},"metadata":{"operationMetadataId":"6bb7a23b-76a2-443b-a88d-cd733027505b"},"type":"Compose","inputs":"@formatDateTime(addDays('1899-12-30', int(items('Apply_to_each')?['Due Date'])), 'yyyy-MM-dd')"},"Compose_2":{"runAfter":{"Compose_1":["Succeeded"]},"metadata":{"operationMetadataId":"71dd9b9a-9bda-49af-8212-4d34ed0474df"},"type":"Compose","inputs":"@formatDateTime(utcNow(), 'yyyy-MM-dd')"},"Compose_3":{"runAfter":{"Compose_2":["Succeeded"]},"metadata":{"operationMetadataId":"a4e79748-7877-4d38-a37d-641ef626b725"},"type":"Compose","inputs":"@div(sub(ticks(outputs('Compose_1')),ticks(outputs('Compose_2'))), 864000000000)"},"Condition_1":{"actions":{"Send_an_email_(V2)":{"metadata":{"operationMetadataId":"57d55dda-2a7c-4f39-88a5-77f2b9385445"},"type":"OpenApiConnection","inputs":{"parameters":{"emailMessage/To":"@items('Apply_to_each')?['Email']","emailMessage/Subject":"Your RCA Action Will Be Due in 2 Days","emailMessage/Body":"<p class=\"editor-paragraph\">Dear, @{items('Apply_to_each')?['Responsible']}</p><p class=\"editor-paragraph\">This is a reminder that your RCA action - @{items('Apply_to_each')?['Action']} - to prevent recurrence of the deviation - @{items('Apply_to_each')?['Deviation']} -<b><strong class=\"editor-text-bold\"> is due in 2 days</strong></b>.</p><p class=\"editor-paragraph\">kindly note that this is an automated mail, if the action is closed already, kindly update the tracker by changing the action status from @{items('Apply_to_each')?['Status']} to '<b><strong class=\"editor-text-bold\">Done</strong></b>'.</p><p class=\"editor-paragraph\">However, if action remains open after due days, a 48-hour reminder will be activated to help facilitate quick action closure.</p><br><p class=\"editor-paragraph\">Best Regards.</p>","emailMessage/Cc":"Samuel.SHARI@danone.com;Ayotomi.OLADELE@danone.com;Oluwasegun.ASESO@danone.com;Rukayat.ASIRU@danone.com;John.ADENIYI@danone.com;Esther.SYLVA@danone.com;Stephen.UDECHUKWU@danone.com;Idowu.ADEYELE@danone.com;Olarenwaju.AREMU@danone.com;Olumide.ADELEYE@danone.com;Mary.OGHAYAN@danone.com","emailMessage/Importance":"Normal"},"host":{"apiId":"/providers/Microsoft.PowerApps/apis/shared_office365","connectionName":"shared_office365","operationId":"SendEmailV2"},"authentication":"@parameters('$authentication')"}}},"runAfter":{"Compose_3":["Succeeded"]},"else":{"actions":{}},"expression":{"or":[{"equals":["@outputs('Compose_3')",2]}]},"metadata":{"operationMetadataId":"13d8bc16-c674-4b87-8523-420ab5e5bdb0"},"type":"If"},"Condition_2":{"actions":{"Send_an_email_(V2)_1":{"metadata":{"operationMetadataId":"ac11cbff-1184-47c6-a5e4-8e2d3dd7dd55"},"type":"OpenApiConnection","inputs":{"parameters":{"emailMessage/To":"@items('Apply_to_each')?['Email']","emailMessage/Subject":"RCA DUE Action - @{items('Apply_to_each')?['Action']}","emailMessage/Body":"<p class=\"editor-paragraph\">Dear @{items('Apply_to_each')?['Responsible']}</p><p class=\"editor-paragraph\">Kindly note that your RCA Action - @{items('Apply_to_each')?['Action']}- is due today. if action is closed already, kindly update the action tracker <a href=\"https://danone-my.sharepoint.com/:x:/r/personal/ayotomi_oladele_danone_com/_layouts/15/Doc.aspx?sourcedoc=%7B3605BA28-DB4B-458A-9052-8E5E9414586C%7D&amp;file=RCA%20ACTION%20TRACKER.xlsx&amp;action=default&amp;mobileredirect=true\" class=\"editor-link\">here</a> by changing @{items('Apply_to_each')?['Status']} to '<b><strong class=\"editor-text-bold\">Done</strong></b>'</p><p class=\"editor-paragraph\">Kindly ensure you also update the @{items('Apply_to_each')?['Comment (After Closure)']} column by giving necessary details on state of things after action closure.</p><p class=\"editor-paragraph\">Kindly note that this is an automated mail and a 48-hour reminder will be implemented today if action status remain due.</p><br><p class=\"editor-paragraph\">Best regards.</p>","emailMessage/Cc":"Samuel.SHARI@danone.com;Ayotomi.OLADELE@danone.com;Oluwasegun.ASESO@danone.com;Rukayat.ASIRU@danone.com;John.ADENIYI@danone.com;Esther.SYLVA@danone.com;Stephen.UDECHUKWU@danone.com;Idowu.ADEYELE@danone.com;Olarenwaju.AREMU@danone.com;Olumide.ADELEYE@danone.com;Mary.OGHAYAN@danone.com","emailMessage/Importance":"Normal"},"host":{"apiId":"/providers/Microsoft.PowerApps/apis/shared_office365","connectionName":"shared_office365","operationId":"SendEmailV2"},"authentication":"@parameters('$authentication')"}}},"runAfter":{"Compose_3":["Succeeded"]},"else":{"actions":{}},"expression":{"or":[{"equals":["@outputs('Compose_3')",0]}]},"metadata":{"operationMetadataId":"b5f3514f-7f4c-4b62-a715-63db8b4b3839"},"type":"If"}},"else":{"actions":{}},"expression":{"and":[{"not":{"equals":["@items('Apply_to_each')?['Status']","Done"]}}]},"metadata":{"operationMetadataId":"667f22bd-adb7-4716-89c5-72919c195bfb"},"type":"If"}},"else":{"actions":{}},"expression":{"and":[{"not":{"equals":["@items('Apply_to_each')?['Status']",""]}}]},"type":"If"}},"runAfter":{"List_rows_present_in_a_table":["Succeeded"]},"metadata":{"operationMetadataId":"f072771c-015c-4721-81c4-d16516031b58"},"type":"Foreach"}}},"connectionReferences":{"shared_excelonlinebusiness":{"connectionName":"shared-excelonlinebu-3429c4fd-491a-410c-9a23-d98cd7d370a7","source":"Embedded","id":"/providers/Microsoft.PowerApps/apis/shared_excelonlinebusiness","tier":"NotSpecified","apiName":"excelonlinebusiness","isProcessSimpleApiReferenceConversionAlreadyDone":false},"shared_office365":{"connectionName":"shared-office365-55a3ed07-b18e-4b20-899f-5f70e3abff27","source":"Embedded","id":"/providers/Microsoft.PowerApps/apis/shared_office365","tier":"NotSpecified","apiName":"office365","isProcessSimpleApiReferenceConversionAlreadyDone":false}},"flowFailureAlertSubscribed":false,"isManaged":false}}